backend_set_requested,requested_backend,actual_backend,device,gpu_name,gpu_capability,architecture,dtype,workload,num_tokens,num_experts,top_k,hidden_size,intermediate_size,quant_mode,used_fallback,gemm_policy,gate_up_gemm_strategy,down_gemm_strategy,stage,stage_status,measurement,samples,p50_us,p90_us,p99_us,cold_start_us,cold_start_scope,warmup,repetitions,timing_method,weights_prepared_outside_timing,torch_version,torch_cuda_version,torch_arch_list,cuda_toolkit_version,cuda_toolkit_version_source,cutlass_version,cutlass_version_source,cutlass_path,wrapper_compiled_architecture,grouped_gemm_provider,grouped_gemm_provider_architecture,pytorch_cxx_version
cutlass_bf16,cutlass_bf16,cutlass_bf16,cuda:0,NVIDIA B300 SXM6 AC,10.3,sm_103a,bfloat16,uniform,1,64,2,4096,14336,bf16,false,auto,per_expert,per_expert,routing_us,measured,steady_state,100,46.415999532,50.687998533,57.841280699,1802981.445312500,first_forward_after_input_setup,10,100,cuda_events,true,2.12.1+cu130,13.0,"sm_75,sm_80,sm_86,sm_90,sm_100,sm_120",13.0,extension_cudart_header,4.3.1,extension_external_headers,unavailable,sm_103a,at::cuda::detail::bf16bf16_grouped_mm (PyTorch binary),precompiled PyTorch binary; runtime requires get_arch_list() SM103,2.12.1
cutlass_bf16,cutlass_bf16,cutlass_bf16,cuda:0,NVIDIA B300 SXM6 AC,10.3,sm_103a,bfloat16,uniform,1,64,2,4096,14336,bf16,false,auto,per_expert,per_expert,permutation_us,measured,steady_state,100,38.015998900,39.843201637,43.939199038,1802981.445312500,first_forward_after_input_setup,10,100,cuda_events,true,2.12.1+cu130,13.0,"sm_75,sm_80,sm_86,sm_90,sm_100,sm_120",13.0,extension_cudart_header,4.3.1,extension_external_headers,unavailable,sm_103a,at::cuda::detail::bf16bf16_grouped_mm (PyTorch binary),precompiled PyTorch binary; runtime requires get_arch_list() SM103,2.12.1
cutlass_bf16,cutlass_bf16,cutlass_bf16,cuda:0,NVIDIA B300 SXM6 AC,10.3,sm_103a,bfloat16,uniform,1,64,2,4096,14336,bf16,false,auto,per_expert,per_expert,quantization_us,not_applicable,steady_state,100,0.000000000,0.000000000,0.000000000,1802981.445312500,first_forward_after_input_setup,10,100,cuda_events,true,2.12.1+cu130,13.0,"sm_75,sm_80,sm_86,sm_90,sm_100,sm_120",13.0,extension_cudart_header,4.3.1,extension_external_headers,unavailable,sm_103a,at::cuda::detail::bf16bf16_grouped_mm (PyTorch binary),precompiled PyTorch binary; runtime requires get_arch_list() SM103,2.12.1
cutlass_bf16,cutlass_bf16,cutlass_bf16,cuda:0,NVIDIA B300 SXM6 AC,10.3,sm_103a,bfloat16,uniform,1,64,2,4096,14336,bf16,false,auto,per_expert,per_expert,gate_up_gemm_us,measured,steady_state,100,98.623998463,100.707199425,102.470077649,1802981.445312500,first_forward_after_input_setup,10,100,cuda_events,true,2.12.1+cu130,13.0,"sm_75,sm_80,sm_86,sm_90,sm_100,sm_120",13.0,extension_cudart_header,4.3.1,extension_external_headers,unavailable,sm_103a,at::cuda::detail::bf16bf16_grouped_mm (PyTorch binary),precompiled PyTorch binary; runtime requires get_arch_list() SM103,2.12.1
cutlass_bf16,cutlass_bf16,cutlass_bf16,cuda:0,NVIDIA B300 SXM6 AC,10.3,sm_103a,bfloat16,uniform,1,64,2,4096,14336,bf16,false,auto,per_expert,per_expert,swiglu_us,measured,steady_state,100,11.935999617,12.553599663,13.467199653,1802981.445312500,first_forward_after_input_setup,10,100,cuda_events,true,2.12.1+cu130,13.0,"sm_75,sm_80,sm_86,sm_90,sm_100,sm_120",13.0,extension_cudart_header,4.3.1,extension_external_headers,unavailable,sm_103a,at::cuda::detail::bf16bf16_grouped_mm (PyTorch binary),precompiled PyTorch binary; runtime requires get_arch_list() SM103,2.12.1
cutlass_bf16,cutlass_bf16,cutlass_bf16,cuda:0,NVIDIA B300 SXM6 AC,10.3,sm_103a,bfloat16,uniform,1,64,2,4096,14336,bf16,false,auto,per_expert,per_expert,down_gemm_us,measured,steady_state,100,62.704000622,64.303997904,67.544960007,1802981.445312500,first_forward_after_input_setup,10,100,cuda_events,true,2.12.1+cu130,13.0,"sm_75,sm_80,sm_86,sm_90,sm_100,sm_120",13.0,extension_cudart_header,4.3.1,extension_external_headers,unavailable,sm_103a,at::cuda::detail::bf16bf16_grouped_mm (PyTorch binary),precompiled PyTorch binary; runtime requires get_arch_list() SM103,2.12.1
cutlass_bf16,cutlass_bf16,cutlass_bf16,cuda:0,NVIDIA B300 SXM6 AC,10.3,sm_103a,bfloat16,uniform,1,64,2,4096,14336,bf16,false,auto,per_expert,per_expert,combine_us,measured,steady_state,100,12.160000391,13.347200118,14.659839608,1802981.445312500,first_forward_after_input_setup,10,100,cuda_events,true,2.12.1+cu130,13.0,"sm_75,sm_80,sm_86,sm_90,sm_100,sm_120",13.0,extension_cudart_header,4.3.1,extension_external_headers,unavailable,sm_103a,at::cuda::detail::bf16bf16_grouped_mm (PyTorch binary),precompiled PyTorch binary; runtime requires get_arch_list() SM103,2.12.1
cutlass_bf16,cutlass_bf16,cutlass_bf16,cuda:0,NVIDIA B300 SXM6 AC,10.3,sm_103a,bfloat16,uniform,1,64,2,4096,14336,bf16,false,auto,per_expert,per_expert,total_us,measured,steady_state,100,411.712005734,427.200010419,451.059831083,1802981.445312500,first_forward_after_input_setup,10,100,cuda_events,true,2.12.1+cu130,13.0,"sm_75,sm_80,sm_86,sm_90,sm_100,sm_120",13.0,extension_cudart_header,4.3.1,extension_external_headers,unavailable,sm_103a,at::cuda::detail::bf16bf16_grouped_mm (PyTorch binary),precompiled PyTorch binary; runtime requires get_arch_list() SM103,2.12.1
cutlass_bf16,cutlass_bf16,cutlass_bf16,cuda:0,NVIDIA B300 SXM6 AC,10.3,sm_103a,bfloat16,hotspot,1,64,2,4096,14336,bf16,false,auto,per_expert,per_expert,routing_us,measured,steady_state,100,44.688001275,47.427199408,61.916801631,1590.080022812,first_forward_after_input_setup,10,100,cuda_events,true,2.12.1+cu130,13.0,"sm_75,sm_80,sm_86,sm_90,sm_100,sm_120",13.0,extension_cudart_header,4.3.1,extension_external_headers,unavailable,sm_103a,at::cuda::detail::bf16bf16_grouped_mm (PyTorch binary),precompiled PyTorch binary; runtime requires get_arch_list() SM103,2.12.1
cutlass_bf16,cutlass_bf16,cutlass_bf16,cuda:0,NVIDIA B300 SXM6 AC,10.3,sm_103a,bfloat16,hotspot,1,64,2,4096,14336,bf16,false,auto,per_expert,per_expert,permutation_us,measured,steady_state,100,36.288000643,37.999998778,44.131520726,1590.080022812,first_forward_after_input_setup,10,100,cuda_events,true,2.12.1+cu130,13.0,"sm_75,sm_80,sm_86,sm_90,sm_100,sm_120",13.0,extension_cudart_header,4.3.1,extension_external_headers,unavailable,sm_103a,at::cuda::detail::bf16bf16_grouped_mm (PyTorch binary),precompiled PyTorch binary; runtime requires get_arch_list() SM103,2.12.1
cutlass_bf16,cutlass_bf16,cutlass_bf16,cuda:0,NVIDIA B300 SXM6 AC,10.3,sm_103a,bfloat16,hotspot,1,64,2,4096,14336,bf16,false,auto,per_expert,per_expert,quantization_us,not_applicable,steady_state,100,0.000000000,0.000000000,0.000000000,1590.080022812,first_forward_after_input_setup,10,100,cuda_events,true,2.12.1+cu130,13.0,"sm_75,sm_80,sm_86,sm_90,sm_100,sm_120",13.0,extension_cudart_header,4.3.1,extension_external_headers,unavailable,sm_103a,at::cuda::detail::bf16bf16_grouped_mm (PyTorch binary),precompiled PyTorch binary; runtime requires get_arch_list() SM103,2.12.1
cutlass_bf16,cutlass_bf16,cutlass_bf16,cuda:0,NVIDIA B300 SXM6 AC,10.3,sm_103a,bfloat16,hotspot,1,64,2,4096,14336,bf16,false,auto,per_expert,per_expert,gate_up_gemm_us,measured,steady_state,100,100.256003439,101.603198797,103.287036568,1590.080022812,first_forward_after_input_setup,10,100,cuda_events,true,2.12.1+cu130,13.0,"sm_75,sm_80,sm_86,sm_90,sm_100,sm_120",13.0,extension_cudart_header,4.3.1,extension_external_headers,unavailable,sm_103a,at::cuda::detail::bf16bf16_grouped_mm (PyTorch binary),precompiled PyTorch binary; runtime requires get_arch_list() SM103,2.12.1
cutlass_bf16,cutlass_bf16,cutlass_bf16,cuda:0,NVIDIA B300 SXM6 AC,10.3,sm_103a,bfloat16,hotspot,1,64,2,4096,14336,bf16,false,auto,per_expert,per_expert,swiglu_us,measured,steady_state,100,12.032000348,13.190399855,19.882240444,1590.080022812,first_forward_after_input_setup,10,100,cuda_events,true,2.12.1+cu130,13.0,"sm_75,sm_80,sm_86,sm_90,sm_100,sm_120",13.0,extension_cudart_header,4.3.1,extension_external_headers,unavailable,sm_103a,at::cuda::detail::bf16bf16_grouped_mm (PyTorch binary),precompiled PyTorch binary; runtime requires get_arch_list() SM103,2.12.1
cutlass_bf16,cutlass_bf16,cutlass_bf16,cuda:0,NVIDIA B300 SXM6 AC,10.3,sm_103a,bfloat16,hotspot,1,64,2,4096,14336,bf16,false,auto,per_expert,per_expert,down_gemm_us,measured,steady_state,100,63.407998532,64.608000219,69.314238802,1590.080022812,first_forward_after_input_setup,10,100,cuda_events,true,2.12.1+cu130,13.0,"sm_75,sm_80,sm_86,sm_90,sm_100,sm_120",13.0,extension_cudart_header,4.3.1,extension_external_headers,unavailable,sm_103a,at::cuda::detail::bf16bf16_grouped_mm (PyTorch binary),precompiled PyTorch binary; runtime requires get_arch_list() SM103,2.12.1
cutlass_bf16,cutlass_bf16,cutlass_bf16,cuda:0,NVIDIA B300 SXM6 AC,10.3,sm_103a,bfloat16,hotspot,1,64,2,4096,14336,bf16,false,auto,per_expert,per_expert,combine_us,measured,steady_state,100,12.288000435,13.411199674,20.820800047,1590.080022812,first_forward_after_input_setup,10,100,cuda_events,true,2.12.1+cu130,13.0,"sm_75,sm_80,sm_86,sm_90,sm_100,sm_120",13.0,extension_cudart_header,4.3.1,extension_external_headers,unavailable,sm_103a,at::cuda::detail::bf16bf16_grouped_mm (PyTorch binary),precompiled PyTorch binary; runtime requires get_arch_list() SM103,2.12.1
cutlass_bf16,cutlass_bf16,cutlass_bf16,cuda:0,NVIDIA B300 SXM6 AC,10.3,sm_103a,bfloat16,hotspot,1,64,2,4096,14336,bf16,false,auto,per_expert,per_expert,total_us,measured,steady_state,100,413.599997759,435.590386391,464.814720154,1590.080022812,first_forward_after_input_setup,10,100,cuda_events,true,2.12.1+cu130,13.0,"sm_75,sm_80,sm_86,sm_90,sm_100,sm_120",13.0,extension_cudart_header,4.3.1,extension_external_headers,unavailable,sm_103a,at::cuda::detail::bf16bf16_grouped_mm (PyTorch binary),precompiled PyTorch binary; runtime requires get_arch_list() SM103,2.12.1
cutlass_bf16,cutlass_bf16,cutlass_bf16,cuda:0,NVIDIA B300 SXM6 AC,10.3,sm_103a,bfloat16,uniform,4,64,2,4096,14336,bf16,false,auto,per_expert,per_expert,routing_us,measured,steady_state,100,48.223998398,53.440000489,58.073281646,2096.992015839,first_forward_after_input_setup,10,100,cuda_events,true,2.12.1+cu130,13.0,"sm_75,sm_80,sm_86,sm_90,sm_100,sm_120",13.0,extension_cudart_header,4.3.1,extension_external_headers,unavailable,sm_103a,at::cuda::detail::bf16bf16_grouped_mm (PyTorch binary),precompiled PyTorch binary; runtime requires get_arch_list() SM103,2.12.1
cutlass_bf16,cutlass_bf16,cutlass_bf16,cuda:0,NVIDIA B300 SXM6 AC,10.3,sm_103a,bfloat16,uniform,4,64,2,4096,14336,bf16,false,auto,per_expert,per_expert,permutation_us,measured,steady_state,100,41.039999574,42.918398976,50.317439325,2096.992015839,first_forward_after_input_setup,10,100,cuda_events,true,2.12.1+cu130,13.0,"sm_75,sm_80,sm_86,sm_90,sm_100,sm_120",13.0,extension_cudart_header,4.3.1,extension_external_headers,unavailable,sm_103a,at::cuda::detail::bf16bf16_grouped_mm (PyTorch binary),precompiled PyTorch binary; runtime requires get_arch_list() SM103,2.12.1
cutlass_bf16,cutlass_bf16,cutlass_bf16,cuda:0,NVIDIA B300 SXM6 AC,10.3,sm_103a,bfloat16,uniform,4,64,2,4096,14336,bf16,false,auto,per_expert,per_expert,quantization_us,not_applicable,steady_state,100,0.000000000,0.000000000,0.000000000,2096.992015839,first_forward_after_input_setup,10,100,cuda_events,true,2.12.1+cu130,13.0,"sm_75,sm_80,sm_86,sm_90,sm_100,sm_120",13.0,extension_cudart_header,4.3.1,extension_external_headers,unavailable,sm_103a,at::cuda::detail::bf16bf16_grouped_mm (PyTorch binary),precompiled PyTorch binary; runtime requires get_arch_list() SM103,2.12.1
cutlass_bf16,cutlass_bf16,cutlass_bf16,cuda:0,NVIDIA B300 SXM6 AC,10.3,sm_103a,bfloat16,uniform,4,64,2,4096,14336,bf16,false,auto,per_expert,per_expert,gate_up_gemm_us,measured,steady_state,100,347.712010145,349.955210090,355.943372846,2096.992015839,first_forward_after_input_setup,10,100,cuda_events,true,2.12.1+cu130,13.0,"sm_75,sm_80,sm_86,sm_90,sm_100,sm_120",13.0,extension_cudart_header,4.3.1,extension_external_headers,unavailable,sm_103a,at::cuda::detail::bf16bf16_grouped_mm (PyTorch binary),precompiled PyTorch binary; runtime requires get_arch_list() SM103,2.12.1
cutlass_bf16,cutlass_bf16,cutlass_bf16,cuda:0,NVIDIA B300 SXM6 AC,10.3,sm_103a,bfloat16,uniform,4,64,2,4096,14336,bf16,false,auto,per_expert,per_expert,swiglu_us,measured,steady_state,100,12.896000408,14.563200064,17.129279971,2096.992015839,first_forward_after_input_setup,10,100,cuda_events,true,2.12.1+cu130,13.0,"sm_75,sm_80,sm_86,sm_90,sm_100,sm_120",13.0,extension_cudart_header,4.3.1,extension_external_headers,unavailable,sm_103a,at::cuda::detail::bf16bf16_grouped_mm (PyTorch binary),precompiled PyTorch binary; runtime requires get_arch_list() SM103,2.12.1
cutlass_bf16,cutlass_bf16,cutlass_bf16,cuda:0,NVIDIA B300 SXM6 AC,10.3,sm_103a,bfloat16,uniform,4,64,2,4096,14336,bf16,false,auto,per_expert,per_expert,down_gemm_us,measured,steady_state,100,198.464006186,200.361599028,207.342717946,2096.992015839,first_forward_after_input_setup,10,100,cuda_events,true,2.12.1+cu130,13.0,"sm_75,sm_80,sm_86,sm_90,sm_100,sm_120",13.0,extension_cudart_header,4.3.1,extension_external_headers,unavailable,sm_103a,at::cuda::detail::bf16bf16_grouped_mm (PyTorch binary),precompiled PyTorch binary; runtime requires get_arch_list() SM103,2.12.1
cutlass_bf16,cutlass_bf16,cutlass_bf16,cuda:0,NVIDIA B300 SXM6 AC,10.3,sm_103a,bfloat16,uniform,4,64,2,4096,14336,bf16,false,auto,per_expert,per_expert,combine_us,measured,steady_state,100,13.216000050,14.374400396,15.018879725,2096.992015839,first_forward_after_input_setup,10,100,cuda_events,true,2.12.1+cu130,13.0,"sm_75,sm_80,sm_86,sm_90,sm_100,sm_120",13.0,extension_cudart_header,4.3.1,extension_external_headers,unavailable,sm_103a,at::cuda::detail::bf16bf16_grouped_mm (PyTorch binary),precompiled PyTorch binary; runtime requires get_arch_list() SM103,2.12.1
cutlass_bf16,cutlass_bf16,cutlass_bf16,cuda:0,NVIDIA B300 SXM6 AC,10.3,sm_103a,bfloat16,uniform,4,64,2,4096,14336,bf16,false,auto,per_expert,per_expert,total_us,measured,steady_state,100,795.775979757,809.878391027,829.111376405,2096.992015839,first_forward_after_input_setup,10,100,cuda_events,true,2.12.1+cu130,13.0,"sm_75,sm_80,sm_86,sm_90,sm_100,sm_120",13.0,extension_cudart_header,4.3.1,extension_external_headers,unavailable,sm_103a,at::cuda::detail::bf16bf16_grouped_mm (PyTorch binary),precompiled PyTorch binary; runtime requires get_arch_list() SM103,2.12.1
cutlass_bf16,cutlass_bf16,cutlass_bf16,cuda:0,NVIDIA B300 SXM6 AC,10.3,sm_103a,bfloat16,hotspot,4,64,2,4096,14336,bf16,false,auto,per_expert,per_expert,routing_us,measured,steady_state,100,44.303998351,46.569599956,54.072001763,2124.896049500,first_forward_after_input_setup,10,100,cuda_events,true,2.12.1+cu130,13.0,"sm_75,sm_80,sm_86,sm_90,sm_100,sm_120",13.0,extension_cudart_header,4.3.1,extension_external_headers,unavailable,sm_103a,at::cuda::detail::bf16bf16_grouped_mm (PyTorch binary),precompiled PyTorch binary; runtime requires get_arch_list() SM103,2.12.1
cutlass_bf16,cutlass_bf16,cutlass_bf16,cuda:0,NVIDIA B300 SXM6 AC,10.3,sm_103a,bfloat16,hotspot,4,64,2,4096,14336,bf16,false,auto,per_expert,per_expert,permutation_us,measured,steady_state,100,36.063998938,37.888001651,41.709440835,2124.896049500,first_forward_after_input_setup,10,100,cuda_events,true,2.12.1+cu130,13.0,"sm_75,sm_80,sm_86,sm_90,sm_100,sm_120",13.0,extension_cudart_header,4.3.1,extension_external_headers,unavailable,sm_103a,at::cuda::detail::bf16bf16_grouped_mm (PyTorch binary),precompiled PyTorch binary; runtime requires get_arch_list() SM103,2.12.1
cutlass_bf16,cutlass_bf16,cutlass_bf16,cuda:0,NVIDIA B300 SXM6 AC,10.3,sm_103a,bfloat16,hotspot,4,64,2,4096,14336,bf16,false,auto,per_expert,per_expert,quantization_us,not_applicable,steady_state,100,0.000000000,0.000000000,0.000000000,2124.896049500,first_forward_after_input_setup,10,100,cuda_events,true,2.12.1+cu130,13.0,"sm_75,sm_80,sm_86,sm_90,sm_100,sm_120",13.0,extension_cudart_header,4.3.1,extension_external_headers,unavailable,sm_103a,at::cuda::detail::bf16bf16_grouped_mm (PyTorch binary),precompiled PyTorch binary; runtime requires get_arch_list() SM103,2.12.1
cutlass_bf16,cutlass_bf16,cutlass_bf16,cuda:0,NVIDIA B300 SXM6 AC,10.3,sm_103a,bfloat16,hotspot,4,64,2,4096,14336,bf16,false,auto,per_expert,per_expert,gate_up_gemm_us,measured,steady_state,100,262.768000364,264.553609490,266.600956023,2124.896049500,first_forward_after_input_setup,10,100,cuda_events,true,2.12.1+cu130,13.0,"sm_75,sm_80,sm_86,sm_90,sm_100,sm_120",13.0,extension_cudart_header,4.3.1,extension_external_headers,unavailable,sm_103a,at::cuda::detail::bf16bf16_grouped_mm (PyTorch binary),precompiled PyTorch binary; runtime requires get_arch_list() SM103,2.12.1
cutlass_bf16,cutlass_bf16,cutlass_bf16,cuda:0,NVIDIA B300 SXM6 AC,10.3,sm_103a,bfloat16,hotspot,4,64,2,4096,14336,bf16,false,auto,per_expert,per_expert,swiglu_us,measured,steady_state,100,12.000000104,13.158399612,13.606720176,2124.896049500,first_forward_after_input_setup,10,100,cuda_events,true,2.12.1+cu130,13.0,"sm_75,sm_80,sm_86,sm_90,sm_100,sm_120",13.0,extension_cudart_header,4.3.1,extension_external_headers,unavailable,sm_103a,at::cuda::detail::bf16bf16_grouped_mm (PyTorch binary),precompiled PyTorch binary; runtime requires get_arch_list() SM103,2.12.1
cutlass_bf16,cutlass_bf16,cutlass_bf16,cuda:0,NVIDIA B300 SXM6 AC,10.3,sm_103a,bfloat16,hotspot,4,64,2,4096,14336,bf16,false,auto,per_expert,per_expert,down_gemm_us,measured,steady_state,100,154.320001602,155.872002244,157.606392950,2124.896049500,first_forward_after_input_setup,10,100,cuda_events,true,2.12.1+cu130,13.0,"sm_75,sm_80,sm_86,sm_90,sm_100,sm_120",13.0,extension_cudart_header,4.3.1,extension_external_headers,unavailable,sm_103a,at::cuda::detail::bf16bf16_grouped_mm (PyTorch binary),precompiled PyTorch binary; runtime requires get_arch_list() SM103,2.12.1
cutlass_bf16,cutlass_bf16,cutlass_bf16,cuda:0,NVIDIA B300 SXM6 AC,10.3,sm_103a,bfloat16,hotspot,4,64,2,4096,14336,bf16,false,auto,per_expert,per_expert,combine_us,measured,steady_state,100,12.272000313,13.504000381,16.995840855,2124.896049500,first_forward_after_input_setup,10,100,cuda_events,true,2.12.1+cu130,13.0,"sm_75,sm_80,sm_86,sm_90,sm_100,sm_120",13.0,extension_cudart_header,4.3.1,extension_external_headers,unavailable,sm_103a,at::cuda::detail::bf16bf16_grouped_mm (PyTorch binary),precompiled PyTorch binary; runtime requires get_arch_list() SM103,2.12.1
cutlass_bf16,cutlass_bf16,cutlass_bf16,cuda:0,NVIDIA B300 SXM6 AC,10.3,sm_103a,bfloat16,hotspot,4,64,2,4096,14336,bf16,false,auto,per_expert,per_expert,total_us,measured,steady_state,100,666.751980782,674.492824078,681.151656508,2124.896049500,first_forward_after_input_setup,10,100,cuda_events,true,2.12.1+cu130,13.0,"sm_75,sm_80,sm_86,sm_90,sm_100,sm_120",13.0,extension_cudart_header,4.3.1,extension_external_headers,unavailable,sm_103a,at::cuda::detail::bf16bf16_grouped_mm (PyTorch binary),precompiled PyTorch binary; runtime requires get_arch_list() SM103,2.12.1
cutlass_bf16,cutlass_bf16,cutlass_bf16,cuda:0,NVIDIA B300 SXM6 AC,10.3,sm_103a,bfloat16,uniform,8,64,2,4096,14336,bf16,false,auto,per_expert,per_expert,routing_us,measured,steady_state,100,54.912000895,63.558398932,71.847041920,4000.000000000,first_forward_after_input_setup,10,100,cuda_events,true,2.12.1+cu130,13.0,"sm_75,sm_80,sm_86,sm_90,sm_100,sm_120",13.0,extension_cudart_header,4.3.1,extension_external_headers,unavailable,sm_103a,at::cuda::detail::bf16bf16_grouped_mm (PyTorch binary),precompiled PyTorch binary; runtime requires get_arch_list() SM103,2.12.1
cutlass_bf16,cutlass_bf16,cutlass_bf16,cuda:0,NVIDIA B300 SXM6 AC,10.3,sm_103a,bfloat16,uniform,8,64,2,4096,14336,bf16,false,auto,per_expert,per_expert,permutation_us,measured,steady_state,100,37.344001234,39.491198957,46.049600467,4000.000000000,first_forward_after_input_setup,10,100,cuda_events,true,2.12.1+cu130,13.0,"sm_75,sm_80,sm_86,sm_90,sm_100,sm_120",13.0,extension_cudart_header,4.3.1,extension_external_headers,unavailable,sm_103a,at::cuda::detail::bf16bf16_grouped_mm (PyTorch binary),precompiled PyTorch binary; runtime requires get_arch_list() SM103,2.12.1
cutlass_bf16,cutlass_bf16,cutlass_bf16,cuda:0,NVIDIA B300 SXM6 AC,10.3,sm_103a,bfloat16,uniform,8,64,2,4096,14336,bf16,false,auto,per_expert,per_expert,quantization_us,not_applicable,steady_state,100,0.000000000,0.000000000,0.000000000,4000.000000000,first_forward_after_input_setup,10,100,cuda_events,true,2.12.1+cu130,13.0,"sm_75,sm_80,sm_86,sm_90,sm_100,sm_120",13.0,extension_cudart_header,4.3.1,extension_external_headers,unavailable,sm_103a,at::cuda::detail::bf16bf16_grouped_mm (PyTorch binary),precompiled PyTorch binary; runtime requires get_arch_list() SM103,2.12.1
cutlass_bf16,cutlass_bf16,cutlass_bf16,cuda:0,NVIDIA B300 SXM6 AC,10.3,sm_103a,bfloat16,uniform,8,64,2,4096,14336,bf16,false,auto,per_expert,per_expert,gate_up_gemm_us,measured,steady_state,100,678.544014692,682.105571032,696.906902194,4000.000000000,first_forward_after_input_setup,10,100,cuda_events,true,2.12.1+cu130,13.0,"sm_75,sm_80,sm_86,sm_90,sm_100,sm_120",13.0,extension_cudart_header,4.3.1,extension_external_headers,unavailable,sm_103a,at::cuda::detail::bf16bf16_grouped_mm (PyTorch binary),precompiled PyTorch binary; runtime requires get_arch_list() SM103,2.12.1
cutlass_bf16,cutlass_bf16,cutlass_bf16,cuda:0,NVIDIA B300 SXM6 AC,10.3,sm_103a,bfloat16,uniform,8,64,2,4096,14336,bf16,false,auto,per_expert,per_expert,swiglu_us,measured,steady_state,100,12.256000191,13.600000180,14.244480394,4000.000000000,first_forward_after_input_setup,10,100,cuda_events,true,2.12.1+cu130,13.0,"sm_75,sm_80,sm_86,sm_90,sm_100,sm_120",13.0,extension_cudart_header,4.3.1,extension_external_headers,unavailable,sm_103a,at::cuda::detail::bf16bf16_grouped_mm (PyTorch binary),precompiled PyTorch binary; runtime requires get_arch_list() SM103,2.12.1
cutlass_bf16,cutlass_bf16,cutlass_bf16,cuda:0,NVIDIA B300 SXM6 AC,10.3,sm_103a,bfloat16,uniform,8,64,2,4096,14336,bf16,false,auto,per_expert,per_expert,down_gemm_us,measured,steady_state,100,382.944002748,385.222399235,387.104309201,4000.000000000,first_forward_after_input_setup,10,100,cuda_events,true,2.12.1+cu130,13.0,"sm_75,sm_80,sm_86,sm_90,sm_100,sm_120",13.0,extension_cudart_header,4.3.1,extension_external_headers,unavailable,sm_103a,at::cuda::detail::bf16bf16_grouped_mm (PyTorch binary),precompiled PyTorch binary; runtime requires get_arch_list() SM103,2.12.1
cutlass_bf16,cutlass_bf16,cutlass_bf16,cuda:0,NVIDIA B300 SXM6 AC,10.3,sm_103a,bfloat16,uniform,8,64,2,4096,14336,bf16,false,auto,per_expert,per_expert,combine_us,measured,steady_state,100,13.551999815,15.046400018,15.706559941,4000.000000000,first_forward_after_input_setup,10,100,cuda_events,true,2.12.1+cu130,13.0,"sm_75,sm_80,sm_86,sm_90,sm_100,sm_120",13.0,extension_cudart_header,4.3.1,extension_external_headers,unavailable,sm_103a,at::cuda::detail::bf16bf16_grouped_mm (PyTorch binary),precompiled PyTorch binary; runtime requires get_arch_list() SM103,2.12.1
cutlass_bf16,cutlass_bf16,cutlass_bf16,cuda:0,NVIDIA B300 SXM6 AC,10.3,sm_103a,bfloat16,uniform,8,64,2,4096,14336,bf16,false,auto,per_expert,per_expert,total_us,measured,steady_state,100,1352.288007736,1403.024017811,1615.418548584,4000.000000000,first_forward_after_input_setup,10,100,cuda_events,true,2.12.1+cu130,13.0,"sm_75,sm_80,sm_86,sm_90,sm_100,sm_120",13.0,extension_cudart_header,4.3.1,extension_external_headers,unavailable,sm_103a,at::cuda::detail::bf16bf16_grouped_mm (PyTorch binary),precompiled PyTorch binary; runtime requires get_arch_list() SM103,2.12.1
cutlass_bf16,cutlass_bf16,cutlass_bf16,cuda:0,NVIDIA B300 SXM6 AC,10.3,sm_103a,bfloat16,hotspot,8,64,2,4096,14336,bf16,false,auto,per_expert,per_expert,routing_us,measured,steady_state,100,52.287999541,57.769600302,80.927356631,4534.207820892,first_forward_after_input_setup,10,100,cuda_events,true,2.12.1+cu130,13.0,"sm_75,sm_80,sm_86,sm_90,sm_100,sm_120",13.0,extension_cudart_header,4.3.1,extension_external_headers,unavailable,sm_103a,at::cuda::detail::bf16bf16_grouped_mm (PyTorch binary),precompiled PyTorch binary; runtime requires get_arch_list() SM103,2.12.1
cutlass_bf16,cutlass_bf16,cutlass_bf16,cuda:0,NVIDIA B300 SXM6 AC,10.3,sm_103a,bfloat16,hotspot,8,64,2,4096,14336,bf16,false,auto,per_expert,per_expert,permutation_us,measured,steady_state,100,47.120001167,48.582401127,51.142398231,4534.207820892,first_forward_after_input_setup,10,100,cuda_events,true,2.12.1+cu130,13.0,"sm_75,sm_80,sm_86,sm_90,sm_100,sm_120",13.0,extension_cudart_header,4.3.1,extension_external_headers,unavailable,sm_103a,at::cuda::detail::bf16bf16_grouped_mm (PyTorch binary),precompiled PyTorch binary; runtime requires get_arch_list() SM103,2.12.1
cutlass_bf16,cutlass_bf16,cutlass_bf16,cuda:0,NVIDIA B300 SXM6 AC,10.3,sm_103a,bfloat16,hotspot,8,64,2,4096,14336,bf16,false,auto,per_expert,per_expert,quantization_us,not_applicable,steady_state,100,0.000000000,0.000000000,0.000000000,4534.207820892,first_forward_after_input_setup,10,100,cuda_events,true,2.12.1+cu130,13.0,"sm_75,sm_80,sm_86,sm_90,sm_100,sm_120",13.0,extension_cudart_header,4.3.1,extension_external_headers,unavailable,sm_103a,at::cuda::detail::bf16bf16_grouped_mm (PyTorch binary),precompiled PyTorch binary; runtime requires get_arch_list() SM103,2.12.1
cutlass_bf16,cutlass_bf16,cutlass_bf16,cuda:0,NVIDIA B300 SXM6 AC,10.3,sm_103a,bfloat16,hotspot,8,64,2,4096,14336,bf16,false,auto,per_expert,per_expert,gate_up_gemm_us,measured,steady_state,100,268.511995673,270.502409339,274.669437706,4534.207820892,first_forward_after_input_setup,10,100,cuda_events,true,2.12.1+cu130,13.0,"sm_75,sm_80,sm_86,sm_90,sm_100,sm_120",13.0,extension_cudart_header,4.3.1,extension_external_headers,unavailable,sm_103a,at::cuda::detail::bf16bf16_grouped_mm (PyTorch binary),precompiled PyTorch binary; runtime requires get_arch_list() SM103,2.12.1
cutlass_bf16,cutlass_bf16,cutlass_bf16,cuda:0,NVIDIA B300 SXM6 AC,10.3,sm_103a,bfloat16,hotspot,8,64,2,4096,14336,bf16,false,auto,per_expert,per_expert,swiglu_us,measured,steady_state,100,14.623999596,15.974400379,16.930560376,4534.207820892,first_forward_after_input_setup,10,100,cuda_events,true,2.12.1+cu130,13.0,"sm_75,sm_80,sm_86,sm_90,sm_100,sm_120",13.0,extension_cudart_header,4.3.1,extension_external_headers,unavailable,sm_103a,at::cuda::detail::bf16bf16_grouped_mm (PyTorch binary),precompiled PyTorch binary; runtime requires get_arch_list() SM103,2.12.1
cutlass_bf16,cutlass_bf16,cutlass_bf16,cuda:0,NVIDIA B300 SXM6 AC,10.3,sm_103a,bfloat16,hotspot,8,64,2,4096,14336,bf16,false,auto,per_expert,per_expert,down_gemm_us,measured,steady_state,100,153.567999601,155.935995281,162.353598177,4534.207820892,first_forward_after_input_setup,10,100,cuda_events,true,2.12.1+cu130,13.0,"sm_75,sm_80,sm_86,sm_90,sm_100,sm_120",13.0,extension_cudart_header,4.3.1,extension_external_headers,unavailable,sm_103a,at::cuda::detail::bf16bf16_grouped_mm (PyTorch binary),precompiled PyTorch binary; runtime requires get_arch_list() SM103,2.12.1
cutlass_bf16,cutlass_bf16,cutlass_bf16,cuda:0,NVIDIA B300 SXM6 AC,10.3,sm_103a,bfloat16,hotspot,8,64,2,4096,14336,bf16,false,auto,per_expert,per_expert,combine_us,measured,steady_state,100,14.639999717,16.348799504,20.138240531,4534.207820892,first_forward_after_input_setup,10,100,cuda_events,true,2.12.1+cu130,13.0,"sm_75,sm_80,sm_86,sm_90,sm_100,sm_120",13.0,extension_cudart_header,4.3.1,extension_external_headers,unavailable,sm_103a,at::cuda::detail::bf16bf16_grouped_mm (PyTorch binary),precompiled PyTorch binary; runtime requires get_arch_list() SM103,2.12.1
cutlass_bf16,cutlass_bf16,cutlass_bf16,cuda:0,NVIDIA B300 SXM6 AC,10.3,sm_103a,bfloat16,hotspot,8,64,2,4096,14336,bf16,false,auto,per_expert,per_expert,total_us,measured,steady_state,100,696.096003056,710.140824318,777.158401608,4534.207820892,first_forward_after_input_setup,10,100,cuda_events,true,2.12.1+cu130,13.0,"sm_75,sm_80,sm_86,sm_90,sm_100,sm_120",13.0,extension_cudart_header,4.3.1,extension_external_headers,unavailable,sm_103a,at::cuda::detail::bf16bf16_grouped_mm (PyTorch binary),precompiled PyTorch binary; runtime requires get_arch_list() SM103,2.12.1
cutlass_bf16,cutlass_bf16,cutlass_bf16,cuda:0,NVIDIA B300 SXM6 AC,10.3,sm_103a,bfloat16,uniform,32,64,2,4096,14336,bf16,false,auto,per_expert,grouped,routing_us,measured,steady_state,100,51.679998636,53.606398404,63.110723644,7363.039970398,first_forward_after_input_setup,10,100,cuda_events,true,2.12.1+cu130,13.0,"sm_75,sm_80,sm_86,sm_90,sm_100,sm_120",13.0,extension_cudart_header,4.3.1,extension_external_headers,unavailable,sm_103a,at::cuda::detail::bf16bf16_grouped_mm (PyTorch binary),precompiled PyTorch binary; runtime requires get_arch_list() SM103,2.12.1
cutlass_bf16,cutlass_bf16,cutlass_bf16,cuda:0,NVIDIA B300 SXM6 AC,10.3,sm_103a,bfloat16,uniform,32,64,2,4096,14336,bf16,false,auto,per_expert,grouped,permutation_us,measured,steady_state,100,47.184001654,49.091201276,51.469120644,7363.039970398,first_forward_after_input_setup,10,100,cuda_events,true,2.12.1+cu130,13.0,"sm_75,sm_80,sm_86,sm_90,sm_100,sm_120",13.0,extension_cudart_header,4.3.1,extension_external_headers,unavailable,sm_103a,at::cuda::detail::bf16bf16_grouped_mm (PyTorch binary),precompiled PyTorch binary; runtime requires get_arch_list() SM103,2.12.1
cutlass_bf16,cutlass_bf16,cutlass_bf16,cuda:0,NVIDIA B300 SXM6 AC,10.3,sm_103a,bfloat16,uniform,32,64,2,4096,14336,bf16,false,auto,per_expert,grouped,quantization_us,not_applicable,steady_state,100,0.000000000,0.000000000,0.000000000,7363.039970398,first_forward_after_input_setup,10,100,cuda_events,true,2.12.1+cu130,13.0,"sm_75,sm_80,sm_86,sm_90,sm_100,sm_120",13.0,extension_cudart_header,4.3.1,extension_external_headers,unavailable,sm_103a,at::cuda::detail::bf16bf16_grouped_mm (PyTorch binary),precompiled PyTorch binary; runtime requires get_arch_list() SM103,2.12.1
cutlass_bf16,cutlass_bf16,cutlass_bf16,cuda:0,NVIDIA B300 SXM6 AC,10.3,sm_103a,bfloat16,uniform,32,64,2,4096,14336,bf16,false,auto,per_expert,grouped,gate_up_gemm_us,measured,steady_state,100,2642.336010933,2648.595213890,2652.273931503,7363.039970398,first_forward_after_input_setup,10,100,cuda_events,true,2.12.1+cu130,13.0,"sm_75,sm_80,sm_86,sm_90,sm_100,sm_120",13.0,extension_cudart_header,4.3.1,extension_external_headers,unavailable,sm_103a,at::cuda::detail::bf16bf16_grouped_mm (PyTorch binary),precompiled PyTorch binary; runtime requires get_arch_list() SM103,2.12.1
cutlass_bf16,cutlass_bf16,cutlass_bf16,cuda:0,NVIDIA B300 SXM6 AC,10.3,sm_103a,bfloat16,uniform,32,64,2,4096,14336,bf16,false,auto,per_expert,grouped,swiglu_us,measured,steady_state,100,14.720000327,15.766400658,19.528319631,7363.039970398,first_forward_after_input_setup,10,100,cuda_events,true,2.12.1+cu130,13.0,"sm_75,sm_80,sm_86,sm_90,sm_100,sm_120",13.0,extension_cudart_header,4.3.1,extension_external_headers,unavailable,sm_103a,at::cuda::detail::bf16bf16_grouped_mm (PyTorch binary),precompiled PyTorch binary; runtime requires get_arch_list() SM103,2.12.1
cutlass_bf16,cutlass_bf16,cutlass_bf16,cuda:0,NVIDIA B300 SXM6 AC,10.3,sm_103a,bfloat16,uniform,32,64,2,4096,14336,bf16,false,auto,per_expert,grouped,down_gemm_us,measured,steady_state,100,1520.528018475,1540.320038795,1547.788448334,7363.039970398,first_forward_after_input_setup,10,100,cuda_events,true,2.12.1+cu130,13.0,"sm_75,sm_80,sm_86,sm_90,sm_100,sm_120",13.0,extension_cudart_header,4.3.1,extension_external_headers,unavailable,sm_103a,at::cuda::detail::bf16bf16_grouped_mm (PyTorch binary),precompiled PyTorch binary; runtime requires get_arch_list() SM103,2.12.1
cutlass_bf16,cutlass_bf16,cutlass_bf16,cuda:0,NVIDIA B300 SXM6 AC,10.3,sm_103a,bfloat16,uniform,32,64,2,4096,14336,bf16,false,auto,per_expert,grouped,combine_us,measured,steady_state,100,14.767999761,16.000000760,17.922560479,7363.039970398,first_forward_after_input_setup,10,100,cuda_events,true,2.12.1+cu130,13.0,"sm_75,sm_80,sm_86,sm_90,sm_100,sm_120",13.0,extension_cudart_header,4.3.1,extension_external_headers,unavailable,sm_103a,at::cuda::detail::bf16bf16_grouped_mm (PyTorch binary),precompiled PyTorch binary; runtime requires get_arch_list() SM103,2.12.1
cutlass_bf16,cutlass_bf16,cutlass_bf16,cuda:0,NVIDIA B300 SXM6 AC,10.3,sm_103a,bfloat16,uniform,32,64,2,4096,14336,bf16,false,auto,per_expert,grouped,total_us,measured,steady_state,100,4404.111862183,4449.231958389,4488.418049812,7363.039970398,first_forward_after_input_setup,10,100,cuda_events,true,2.12.1+cu130,13.0,"sm_75,sm_80,sm_86,sm_90,sm_100,sm_120",13.0,extension_cudart_header,4.3.1,extension_external_headers,unavailable,sm_103a,at::cuda::detail::bf16bf16_grouped_mm (PyTorch binary),precompiled PyTorch binary; runtime requires get_arch_list() SM103,2.12.1
cutlass_bf16,cutlass_bf16,cutlass_bf16,cuda:0,NVIDIA B300 SXM6 AC,10.3,sm_103a,bfloat16,hotspot,32,64,2,4096,14336,bf16,false,auto,per_expert,per_expert,routing_us,measured,steady_state,100,52.143998444,54.159998894,63.005442172,10999.808311462,first_forward_after_input_setup,10,100,cuda_events,true,2.12.1+cu130,13.0,"sm_75,sm_80,sm_86,sm_90,sm_100,sm_120",13.0,extension_cudart_header,4.3.1,extension_external_headers,unavailable,sm_103a,at::cuda::detail::bf16bf16_grouped_mm (PyTorch binary),precompiled PyTorch binary; runtime requires get_arch_list() SM103,2.12.1
cutlass_bf16,cutlass_bf16,cutlass_bf16,cuda:0,NVIDIA B300 SXM6 AC,10.3,sm_103a,bfloat16,hotspot,32,64,2,4096,14336,bf16,false,auto,per_expert,per_expert,permutation_us,measured,steady_state,100,47.231998295,48.803199083,49.704318196,10999.808311462,first_forward_after_input_setup,10,100,cuda_events,true,2.12.1+cu130,13.0,"sm_75,sm_80,sm_86,sm_90,sm_100,sm_120",13.0,extension_cudart_header,4.3.1,extension_external_headers,unavailable,sm_103a,at::cuda::detail::bf16bf16_grouped_mm (PyTorch binary),precompiled PyTorch binary; runtime requires get_arch_list() SM103,2.12.1
cutlass_bf16,cutlass_bf16,cutlass_bf16,cuda:0,NVIDIA B300 SXM6 AC,10.3,sm_103a,bfloat16,hotspot,32,64,2,4096,14336,bf16,false,auto,per_expert,per_expert,quantization_us,not_applicable,steady_state,100,0.000000000,0.000000000,0.000000000,10999.808311462,first_forward_after_input_setup,10,100,cuda_events,true,2.12.1+cu130,13.0,"sm_75,sm_80,sm_86,sm_90,sm_100,sm_120",13.0,extension_cudart_header,4.3.1,extension_external_headers,unavailable,sm_103a,at::cuda::detail::bf16bf16_grouped_mm (PyTorch binary),precompiled PyTorch binary; runtime requires get_arch_list() SM103,2.12.1
cutlass_bf16,cutlass_bf16,cutlass_bf16,cuda:0,NVIDIA B300 SXM6 AC,10.3,sm_103a,bfloat16,hotspot,32,64,2,4096,14336,bf16,false,auto,per_expert,per_expert,gate_up_gemm_us,measured,steady_state,100,603.823989630,606.854403019,608.261422515,10999.808311462,first_forward_after_input_setup,10,100,cuda_events,true,2.12.1+cu130,13.0,"sm_75,sm_80,sm_86,sm_90,sm_100,sm_120",13.0,extension_cudart_header,4.3.1,extension_external_headers,unavailable,sm_103a,at::cuda::detail::bf16bf16_grouped_mm (PyTorch binary),precompiled PyTorch binary; runtime requires get_arch_list() SM103,2.12.1
cutlass_bf16,cutlass_bf16,cutlass_bf16,cuda:0,NVIDIA B300 SXM6 AC,10.3,sm_103a,bfloat16,hotspot,32,64,2,4096,14336,bf16,false,auto,per_expert,per_expert,swiglu_us,measured,steady_state,100,14.688000083,15.936000273,20.360640362,10999.808311462,first_forward_after_input_setup,10,100,cuda_events,true,2.12.1+cu130,13.0,"sm_75,sm_80,sm_86,sm_90,sm_100,sm_120",13.0,extension_cudart_header,4.3.1,extension_external_headers,unavailable,sm_103a,at::cuda::detail::bf16bf16_grouped_mm (PyTorch binary),precompiled PyTorch binary; runtime requires get_arch_list() SM103,2.12.1
cutlass_bf16,cutlass_bf16,cutlass_bf16,cuda:0,NVIDIA B300 SXM6 AC,10.3,sm_103a,bfloat16,hotspot,32,64,2,4096,14336,bf16,false,auto,per_expert,per_expert,down_gemm_us,measured,steady_state,100,328.047990799,329.862406850,331.174716055,10999.808311462,first_forward_after_input_setup,10,100,cuda_events,true,2.12.1+cu130,13.0,"sm_75,sm_80,sm_86,sm_90,sm_100,sm_120",13.0,extension_cudart_header,4.3.1,extension_external_headers,unavailable,sm_103a,at::cuda::detail::bf16bf16_grouped_mm (PyTorch binary),precompiled PyTorch binary; runtime requires get_arch_list() SM103,2.12.1
cutlass_bf16,cutlass_bf16,cutlass_bf16,cuda:0,NVIDIA B300 SXM6 AC,10.3,sm_103a,bfloat16,hotspot,32,64,2,4096,14336,bf16,false,auto,per_expert,per_expert,combine_us,measured,steady_state,100,14.560000040,15.491199680,16.387839727,10999.808311462,first_forward_after_input_setup,10,100,cuda_events,true,2.12.1+cu130,13.0,"sm_75,sm_80,sm_86,sm_90,sm_100,sm_120",13.0,extension_cudart_header,4.3.1,extension_external_headers,unavailable,sm_103a,at::cuda::detail::bf16bf16_grouped_mm (PyTorch binary),precompiled PyTorch binary; runtime requires get_arch_list() SM103,2.12.1
cutlass_bf16,cutlass_bf16,cutlass_bf16,cuda:0,NVIDIA B300 SXM6 AC,10.3,sm_103a,bfloat16,hotspot,32,64,2,4096,14336,bf16,false,auto,per_expert,per_expert,total_us,measured,steady_state,100,1215.183973312,1225.795245171,1251.405436993,10999.808311462,first_forward_after_input_setup,10,100,cuda_events,true,2.12.1+cu130,13.0,"sm_75,sm_80,sm_86,sm_90,sm_100,sm_120",13.0,extension_cudart_header,4.3.1,extension_external_headers,unavailable,sm_103a,at::cuda::detail::bf16bf16_grouped_mm (PyTorch binary),precompiled PyTorch binary; runtime requires get_arch_list() SM103,2.12.1
